-- phpMyAdmin SQL Dump
-- version 5.0.1
-- https://www.phpmyadmin.net/
--
-- Host: 127.0.0.1
-- Generation Time: Apr 19, 2020 at 05:37 AM
-- Server version: 10.4.11-MariaDB
-- PHP Version: 7.4.3

SET SQL_MODE = "NO_AUTO_VALUE_ON_ZERO";
SET AUTOCOMMIT = 0;
START TRANSACTION;
SET time_zone = "+00:00";


/*!40101 SET @OLD_CHARACTER_SET_CLIENT=@@CHARACTER_SET_CLIENT */;
/*!40101 SET @OLD_CHARACTER_SET_RESULTS=@@CHARACTER_SET_RESULTS */;
/*!40101 SET @OLD_COLLATION_CONNECTION=@@COLLATION_CONNECTION */;
/*!40101 SET NAMES utf8mb4 */;

--
-- Database: `db_ybm`
--

-- --------------------------------------------------------

--
-- Table structure for table `access_user`
--

CREATE TABLE `access_user` (
  `id_access_menu` int(11) NOT NULL,
  `role_id` int(11) NOT NULL,
  `menu_id` int(32) NOT NULL
) ENGINE=InnoDB DEFAULT CHARSET=utf8mb4;

--
-- Dumping data for table `access_user`
--

INSERT INTO `access_user` (`id_access_menu`, `role_id`, `menu_id`) VALUES
(1, 1, 1),
(2, 1, 2),
(3, 1, 3),
(7, 2, 3),
(8, 2, 2),
(9, 3, 2),
(10, 4, 2),
(18, 1, 8),
(24, 12, 2);

-- --------------------------------------------------------

--
-- Table structure for table `kategori`
--

CREATE TABLE `kategori` (
  `id_kategori` int(11) NOT NULL,
  `kategori` varchar(64) NOT NULL
) ENGINE=InnoDB DEFAULT CHARSET=utf8mb4;

-- --------------------------------------------------------

--
-- Table structure for table `post`
--

CREATE TABLE `post` (
  `id_post` int(11) NOT NULL,
  `judul` varchar(128) NOT NULL,
  `isi` text NOT NULL,
  `kategori` varchar(64) NOT NULL
) ENGINE=InnoDB DEFAULT CHARSET=utf8mb4;

-- --------------------------------------------------------

--
-- Table structure for table `submenu_user`
--

CREATE TABLE `submenu_user` (
  `id_submenu` int(11) NOT NULL,
  `menu_id` int(11) NOT NULL,
  `title` varchar(128) NOT NULL,
  `url` varchar(128) NOT NULL,
  `is_active` int(11) NOT NULL
) ENGINE=InnoDB DEFAULT CHARSET=utf8mb4;

--
-- Dumping data for table `submenu_user`
--

INSERT INTO `submenu_user` (`id_submenu`, `menu_id`, `title`, `url`, `is_active`) VALUES
(2, 1, 'Dashboard', 'admin', 1),
(3, 2, 'My Profile', 'user', 1),
(4, 2, 'Edit Profile', 'user/edit', 1),
(5, 3, 'Management Menu\r\n', 'menu', 1),
(6, 3, 'Sub Menu Management\r\n', 'menu/submenu', 1),
(7, 1, 'Role', 'admin/role', 1),
(8, 2, 'Edit Password', 'user/edit_password', 1);

-- --------------------------------------------------------

--
-- Table structure for table `token_user`
--

CREATE TABLE `token_user` (
  `id_token` int(15) NOT NULL,
  `email` varchar(64) NOT NULL,
  `token` varchar(128) NOT NULL,
  `date_created` int(15) NOT NULL
) ENGINE=InnoDB DEFAULT CHARSET=utf8mb4;

-- --------------------------------------------------------

--
-- Table structure for table `user`
--

CREATE TABLE `user` (
  `id_user` varchar(40) NOT NULL,
  `identity` varchar(50) NOT NULL,
  `nama` varchar(48) NOT NULL,
  `email` varchar(48) NOT NULL,
  `image` varchar(48) NOT NULL,
  `password` varchar(64) NOT NULL,
  `about` varchar(64) NOT NULL,
  `role_id` int(11) NOT NULL,
  `is_active` int(11) NOT NULL,
  `date_created` int(15) NOT NULL,
  `change_pass` int(15) NOT NULL
) ENGINE=InnoDB DEFAULT CHARSET=utf8mb4;

--
-- Dumping data for table `user`
--

INSERT INTO `user` (`id_user`, `identity`, `nama`, `email`, `image`, `password`, `about`, `role_id`, `is_active`, `date_created`, `change_pass`) VALUES
('ID-U11302', 'E41181407', 'Alfian Rochmatul Irman', 'alfianrochmatul77@gmail.com', 'IMG-20191005-WA0011.jpg', '$2y$10$GHiobHA4EfOEpIi1sZEm/u3NcCEElnobb.HNoyLt9PNAx2e/3g5kq', 'Wani Tok! yoto', 1, 1, 1583394165, 1586009053);

-- --------------------------------------------------------

--
-- Table structure for table `user_menu`
--

CREATE TABLE `user_menu` (
  `id_menu` int(11) NOT NULL,
  `menu` varchar(32) NOT NULL,
  `icon` varchar(32) NOT NULL
) ENGINE=InnoDB DEFAULT CHARSET=utf8mb4;

--
-- Dumping data for table `user_menu`
--

INSERT INTO `user_menu` (`id_menu`, `menu`, `icon`) VALUES
(1, 'admin', 'fas fa-tachometer-alt'),
(2, 'user', 'fas fa-users'),
(3, 'menu', 'fas fa-bars');

-- --------------------------------------------------------

--
-- Table structure for table `user_role`
--

CREATE TABLE `user_role` (
  `id_role` int(11) NOT NULL,
  `role` varchar(32) NOT NULL
) ENGINE=InnoDB DEFAULT CHARSET=utf8mb4;

--
-- Dumping data for table `user_role`
--

INSERT INTO `user_role` (`id_role`, `role`) VALUES
(1, 'admin'),
(2, 'operator');

--
-- Indexes for dumped tables
--

--
-- Indexes for table `access_user`
--
ALTER TABLE `access_user`
  ADD PRIMARY KEY (`id_access_menu`);

--
-- Indexes for table `kategori`
--
ALTER TABLE `kategori`
  ADD PRIMARY KEY (`id_kategori`);

--
-- Indexes for table `post`
--
ALTER TABLE `post`
  ADD PRIMARY KEY (`id_post`);

--
-- Indexes for table `submenu_user`
--
ALTER TABLE `submenu_user`
  ADD PRIMARY KEY (`id_submenu`);

--
-- Indexes for table `token_user`
--
ALTER TABLE `token_user`
  ADD PRIMARY KEY (`id_token`);

--
-- Indexes for table `user`
--
ALTER TABLE `user`
  ADD PRIMARY KEY (`id_user`);

--
-- Indexes for table `user_menu`
--
ALTER TABLE `user_menu`
  ADD PRIMARY KEY (`id_menu`);

--
-- Indexes for table `user_role`
--
ALTER TABLE `user_role`
  ADD PRIMARY KEY (`id_role`);

--
-- AUTO_INCREMENT for dumped tables
--

--
-- AUTO_INCREMENT for table `access_user`
--
ALTER TABLE `access_user`
  MODIFY `id_access_menu` int(11) NOT NULL AUTO_INCREMENT, AUTO_INCREMENT=28;

--
-- AUTO_INCREMENT for table `kategori`
--
ALTER TABLE `kategori`
  MODIFY `id_kategori` int(11) NOT NULL AUTO_INCREMENT;

--
-- AUTO_INCREMENT for table `post`
--
ALTER TABLE `post`
  MODIFY `id_post` int(11) NOT NULL AUTO_INCREMENT;

--
-- AUTO_INCREMENT for table `submenu_user`
--
ALTER TABLE `submenu_user`
  MODIFY `id_submenu` int(11) NOT NULL AUTO_INCREMENT, AUTO_INCREMENT=24;

--
-- AUTO_INCREMENT for table `token_user`
--
ALTER TABLE `token_user`
  MODIFY `id_token` int(15) NOT NULL AUTO_INCREMENT, AUTO_INCREMENT=2;

--
-- AUTO_INCREMENT for table `user_menu`
--
ALTER TABLE `user_menu`
  MODIFY `id_menu` int(11) NOT NULL AUTO_INCREMENT, AUTO_INCREMENT=15;

--
-- AUTO_INCREMENT for table `user_role`
--
ALTER TABLE `user_role`
  MODIFY `id_role` int(11) NOT NULL AUTO_INCREMENT, AUTO_INCREMENT=3;
COMMIT;

/*!40101 SET CHARACTER_SET_CLIENT=@OLD_CHARACTER_SET_CLIENT */;
/*!40101 SET CHARACTER_SET_RESULTS=@OLD_CHARACTER_SET_RESULTS */;
/*!40101 SET COLLATION_CONNECTION=@OLD_COLLATION_CONNECTION */;
